"col1","col2","col3","col4","col5","col6"
"length","asleep","surprise","walk","see","made"
"wherever","question","breathe","fish","compare","fastened"
"captured","green","use","range","write","could"
"course","feature","warn","stage","respect","fierce"
"necessary","storm","stronger","probably","fly","sick"
"numeral","take","guard","nearby","tide","day"
"route","desk","knew","tribe","sale","provide"
"just","instance","writing","luck","facing","becoming"
"somehow","scientist","check","sentence","driven","bell"
"important","tank","hang","within","alike","law"
"air","got","pine","stone","browserling","sing"
"explanation","square","said","aloud","fur","bit"
"church","essential","finally","sort","famous","route"
"remove","manner","camera","raw","society","shells"
"whistle","anybody","principle","vapor","more","north"
"doing","primitive","rather","his","dark","immediately"
"hardly","little","glad","sent","tube","carefully"
"movement","anyone","pick","do","brown","diameter"
"sister","these","battle","hearing","political","rice"
"enter","vessels","division","several","understanding","surrounded"
"men","it","recognize","yes","smallest","importance"
"film","massage","engineer","force","fierce","act"
"sold","symbol","stems","stuck","thus","height"
"quite","shoulder","fight","lucky","cry","progress"
"bound","current","shoe","across","numeral","both"